INSERT INTO `MODULO` (`ID`, `NOME`, `VALOR`) VALUES (1, 'Módulo Notícia', 'modulonoticia');
INSERT INTO `MODULO` (`ID`, `NOME`, `VALOR`) VALUES (2, 'Módulo Evento', 'moduloevento');
INSERT INTO `MODULO` (`ID`, `NOME`, `VALOR`) VALUES (3, 'Módulo Banner', 'modulobanner');
INSERT INTO `MODULO` (`ID`, `NOME`, `VALOR`) VALUES (4, 'Módulo Depoimento', 'modulodepoimento');
INSERT INTO `MODULO` (`ID`, `NOME`, `VALOR`) VALUES (5, 'Módulo Usuário', 'modulousuario');
INSERT INTO `MODULO` (`ID`, `NOME`, `VALOR`) VALUES (6, 'Modulo Newsletter', 'modulonewsletter');
INSERT INTO `MODULO` (`ID`, `NOME`, `VALOR`) VALUES (7, 'Modulo Sistema', 'modulosistema');
INSERT INTO `MODULO` (`ID`, `NOME`, `VALOR`) VALUES (8, 'Módulo Upload', 'moduloupload');
INSERT INTO `MODULO` (`ID`, `NOME`, `VALOR`) VALUES (9, 'Módulo Curso', 'modulocurso');
INSERT INTO `MODULO` (`ID`, `NOME`, `VALOR`) VALUES (10, 'Módulo Professor', 'moduloprofessor');
INSERT INTO `MODULO` (`ID`, `NOME`, `VALOR`) VALUES (11, 'Módulo Cadastro Mediação', 'modulocadastromediacao');
INSERT INTO `MODULO` (`ID`, `NOME`, `VALOR`) VALUES (12, 'Módulo Blog', 'moduloblog');
INSERT INTO `MODULO` (`ID`, `NOME`, `VALOR`) VALUES (13, 'Módulo Galeria', 'modulogaleria');
INSERT INTO `MODULO` (`ID`, `NOME`, `VALOR`) VALUES (14, 'Módulo Perfis', 'moduloperfis');
INSERT INTO `MODULO` (`ID`, `NOME`, `VALOR`) VALUES (15, 'Módulo Popup', 'modulopopup');
INSERT INTO `MODULO` (`ID`, `NOME`, `VALOR`) VALUES (16, 'Módulo AMF Paris', 'moduloamfparis');
INSERT INTO `MODULO` (`ID`, `NOME`, `VALOR`) VALUES (17, 'Módulo Jornal do Recanto', 'modulojornal');
INSERT INTO `MODULO` (`ID`, `NOME`, `VALOR`) VALUES (18, 'Módulo Diploma', 'modulodiploma');

INSERT INTO `PERMISSAO` (`ID`, `TIPO`) VALUES (1, 'Administrador Master');
INSERT INTO `PERMISSAO` (`ID`, `TIPO`) VALUES (2, 'Comunicação');
INSERT INTO `PERMISSAO` (`ID`, `TIPO`) VALUES (3, 'Redação');
INSERT INTO `PERMISSAO` (`ID`, `TIPO`) VALUES (4, 'Administrador Site');


INSERT INTO `USUARIO` (`ID`, `NOME`, `LOGIN`, `SENHA`, `EMAIL`, `ATIVO`, `DATAINC`, `RECUPERAR_SENHA`, `PERMISSAO_ID`) VALUES (2, 'YourCode Soluções Web & Mobile', 'yourcode', '+NnffqMz2sM4i85udSrZ0Q==', 'contato@yourcode.com.br', b'1', '2015-07-01 11:54:39', 'e8e0c023-4b08-41f7-bc6c-50e96bc06596', 1);

INSERT INTO `USUARIO_MODULO` (`ID`, `PERMITIR`, `MODULO_ID`, `PERMISSAO_ID`) VALUES (262, b'1', 1, 1);
INSERT INTO `USUARIO_MODULO` (`ID`, `PERMITIR`, `MODULO_ID`, `PERMISSAO_ID`) VALUES (263, b'1', 2, 1);
INSERT INTO `USUARIO_MODULO` (`ID`, `PERMITIR`, `MODULO_ID`, `PERMISSAO_ID`) VALUES (264, b'1', 3, 1);
INSERT INTO `USUARIO_MODULO` (`ID`, `PERMITIR`, `MODULO_ID`, `PERMISSAO_ID`) VALUES (265, b'1', 4, 1);
INSERT INTO `USUARIO_MODULO` (`ID`, `PERMITIR`, `MODULO_ID`, `PERMISSAO_ID`) VALUES (266, b'1', 5, 1);
INSERT INTO `USUARIO_MODULO` (`ID`, `PERMITIR`, `MODULO_ID`, `PERMISSAO_ID`) VALUES (267, b'1', 6, 1);
INSERT INTO `USUARIO_MODULO` (`ID`, `PERMITIR`, `MODULO_ID`, `PERMISSAO_ID`) VALUES (268, b'1', 7, 1);
INSERT INTO `USUARIO_MODULO` (`ID`, `PERMITIR`, `MODULO_ID`, `PERMISSAO_ID`) VALUES (269, b'1', 8, 1);
INSERT INTO `USUARIO_MODULO` (`ID`, `PERMITIR`, `MODULO_ID`, `PERMISSAO_ID`) VALUES (270, b'1', 9, 1);
INSERT INTO `USUARIO_MODULO` (`ID`, `PERMITIR`, `MODULO_ID`, `PERMISSAO_ID`) VALUES (271, b'1', 10, 1);
INSERT INTO `USUARIO_MODULO` (`ID`, `PERMITIR`, `MODULO_ID`, `PERMISSAO_ID`) VALUES (272, b'1', 11, 1);
INSERT INTO `USUARIO_MODULO` (`ID`, `PERMITIR`, `MODULO_ID`, `PERMISSAO_ID`) VALUES (273, b'1', 12, 1);
INSERT INTO `USUARIO_MODULO` (`ID`, `PERMITIR`, `MODULO_ID`, `PERMISSAO_ID`) VALUES (274, b'1', 13, 1);
INSERT INTO `USUARIO_MODULO` (`ID`, `PERMITIR`, `MODULO_ID`, `PERMISSAO_ID`) VALUES (275, b'1', 14, 1);
INSERT INTO `USUARIO_MODULO` (`ID`, `PERMITIR`, `MODULO_ID`, `PERMISSAO_ID`) VALUES (276, b'1', 15, 1);
INSERT INTO `USUARIO_MODULO` (`ID`, `PERMITIR`, `MODULO_ID`, `PERMISSAO_ID`) VALUES (277, b'1', 16, 1);
INSERT INTO `USUARIO_MODULO` (`ID`, `PERMITIR`, `MODULO_ID`, `PERMISSAO_ID`) VALUES (278, b'1', 17, 1);
INSERT INTO `USUARIO_MODULO` (`ID`, `PERMITIR`, `MODULO_ID`, `PERMISSAO_ID`) VALUES (330, b'1', 18, 1);
INSERT INTO `USUARIO_MODULO` (`ID`, `PERMITIR`, `MODULO_ID`, `PERMISSAO_ID`) VALUES (331, b'1', 1, 4);
INSERT INTO `USUARIO_MODULO` (`ID`, `PERMITIR`, `MODULO_ID`, `PERMISSAO_ID`) VALUES (332, b'1', 2, 4);
INSERT INTO `USUARIO_MODULO` (`ID`, `PERMITIR`, `MODULO_ID`, `PERMISSAO_ID`) VALUES (333, b'1', 3, 4);
INSERT INTO `USUARIO_MODULO` (`ID`, `PERMITIR`, `MODULO_ID`, `PERMISSAO_ID`) VALUES (334, b'1', 4, 4);
INSERT INTO `USUARIO_MODULO` (`ID`, `PERMITIR`, `MODULO_ID`, `PERMISSAO_ID`) VALUES (335, b'0', 5, 4);
INSERT INTO `USUARIO_MODULO` (`ID`, `PERMITIR`, `MODULO_ID`, `PERMISSAO_ID`) VALUES (336, b'1', 6, 4);
INSERT INTO `USUARIO_MODULO` (`ID`, `PERMITIR`, `MODULO_ID`, `PERMISSAO_ID`) VALUES (337, b'0', 7, 4);
INSERT INTO `USUARIO_MODULO` (`ID`, `PERMITIR`, `MODULO_ID`, `PERMISSAO_ID`) VALUES (338, b'1', 8, 4);
INSERT INTO `USUARIO_MODULO` (`ID`, `PERMITIR`, `MODULO_ID`, `PERMISSAO_ID`) VALUES (339, b'1', 9, 4);
INSERT INTO `USUARIO_MODULO` (`ID`, `PERMITIR`, `MODULO_ID`, `PERMISSAO_ID`) VALUES (340, b'1', 10, 4);
INSERT INTO `USUARIO_MODULO` (`ID`, `PERMITIR`, `MODULO_ID`, `PERMISSAO_ID`) VALUES (341, b'1', 11, 4);
INSERT INTO `USUARIO_MODULO` (`ID`, `PERMITIR`, `MODULO_ID`, `PERMISSAO_ID`) VALUES (342, b'1', 12, 4);
INSERT INTO `USUARIO_MODULO` (`ID`, `PERMITIR`, `MODULO_ID`, `PERMISSAO_ID`) VALUES (343, b'1', 13, 4);
INSERT INTO `USUARIO_MODULO` (`ID`, `PERMITIR`, `MODULO_ID`, `PERMISSAO_ID`) VALUES (344, b'0', 14, 4);
INSERT INTO `USUARIO_MODULO` (`ID`, `PERMITIR`, `MODULO_ID`, `PERMISSAO_ID`) VALUES (345, b'1', 15, 4);
INSERT INTO `USUARIO_MODULO` (`ID`, `PERMITIR`, `MODULO_ID`, `PERMISSAO_ID`) VALUES (346, b'0', 16, 4);
INSERT INTO `USUARIO_MODULO` (`ID`, `PERMITIR`, `MODULO_ID`, `PERMISSAO_ID`) VALUES (347, b'1', 17, 4);
INSERT INTO `USUARIO_MODULO` (`ID`, `PERMITIR`, `MODULO_ID`, `PERMISSAO_ID`) VALUES (348, b'1', 18, 4);
INSERT INTO `USUARIO_MODULO` (`ID`, `PERMITIR`, `MODULO_ID`, `PERMISSAO_ID`) VALUES (349, b'1', 1, 3);
INSERT INTO `USUARIO_MODULO` (`ID`, `PERMITIR`, `MODULO_ID`, `PERMISSAO_ID`) VALUES (350, b'1', 2, 3);
INSERT INTO `USUARIO_MODULO` (`ID`, `PERMITIR`, `MODULO_ID`, `PERMISSAO_ID`) VALUES (351, b'0', 3, 3);
INSERT INTO `USUARIO_MODULO` (`ID`, `PERMITIR`, `MODULO_ID`, `PERMISSAO_ID`) VALUES (352, b'1', 4, 3);
INSERT INTO `USUARIO_MODULO` (`ID`, `PERMITIR`, `MODULO_ID`, `PERMISSAO_ID`) VALUES (353, b'0', 5, 3);
INSERT INTO `USUARIO_MODULO` (`ID`, `PERMITIR`, `MODULO_ID`, `PERMISSAO_ID`) VALUES (354, b'1', 6, 3);
INSERT INTO `USUARIO_MODULO` (`ID`, `PERMITIR`, `MODULO_ID`, `PERMISSAO_ID`) VALUES (355, b'0', 7, 3);
INSERT INTO `USUARIO_MODULO` (`ID`, `PERMITIR`, `MODULO_ID`, `PERMISSAO_ID`) VALUES (356, b'1', 8, 3);
INSERT INTO `USUARIO_MODULO` (`ID`, `PERMITIR`, `MODULO_ID`, `PERMISSAO_ID`) VALUES (357, b'0', 9, 3);
INSERT INTO `USUARIO_MODULO` (`ID`, `PERMITIR`, `MODULO_ID`, `PERMISSAO_ID`) VALUES (358, b'1', 10, 3);
INSERT INTO `USUARIO_MODULO` (`ID`, `PERMITIR`, `MODULO_ID`, `PERMISSAO_ID`) VALUES (359, b'1', 11, 3);
INSERT INTO `USUARIO_MODULO` (`ID`, `PERMITIR`, `MODULO_ID`, `PERMISSAO_ID`) VALUES (360, b'1', 12, 3);
INSERT INTO `USUARIO_MODULO` (`ID`, `PERMITIR`, `MODULO_ID`, `PERMISSAO_ID`) VALUES (361, b'0', 13, 3);
INSERT INTO `USUARIO_MODULO` (`ID`, `PERMITIR`, `MODULO_ID`, `PERMISSAO_ID`) VALUES (362, b'0', 14, 3);
INSERT INTO `USUARIO_MODULO` (`ID`, `PERMITIR`, `MODULO_ID`, `PERMISSAO_ID`) VALUES (363, b'1', 15, 3);
INSERT INTO `USUARIO_MODULO` (`ID`, `PERMITIR`, `MODULO_ID`, `PERMISSAO_ID`) VALUES (364, b'0', 16, 3);
INSERT INTO `USUARIO_MODULO` (`ID`, `PERMITIR`, `MODULO_ID`, `PERMISSAO_ID`) VALUES (365, b'1', 17, 3);
INSERT INTO `USUARIO_MODULO` (`ID`, `PERMITIR`, `MODULO_ID`, `PERMISSAO_ID`) VALUES (366, b'1', 18, 3);
INSERT INTO `USUARIO_MODULO` (`ID`, `PERMITIR`, `MODULO_ID`, `PERMISSAO_ID`) VALUES (367, b'1', 1, 2);
INSERT INTO `USUARIO_MODULO` (`ID`, `PERMITIR`, `MODULO_ID`, `PERMISSAO_ID`) VALUES (368, b'1', 2, 2);
INSERT INTO `USUARIO_MODULO` (`ID`, `PERMITIR`, `MODULO_ID`, `PERMISSAO_ID`) VALUES (369, b'1', 3, 2);
INSERT INTO `USUARIO_MODULO` (`ID`, `PERMITIR`, `MODULO_ID`, `PERMISSAO_ID`) VALUES (370, b'1', 4, 2);
INSERT INTO `USUARIO_MODULO` (`ID`, `PERMITIR`, `MODULO_ID`, `PERMISSAO_ID`) VALUES (371, b'0', 5, 2);
INSERT INTO `USUARIO_MODULO` (`ID`, `PERMITIR`, `MODULO_ID`, `PERMISSAO_ID`) VALUES (372, b'1', 6, 2);
INSERT INTO `USUARIO_MODULO` (`ID`, `PERMITIR`, `MODULO_ID`, `PERMISSAO_ID`) VALUES (373, b'0', 7, 2);
INSERT INTO `USUARIO_MODULO` (`ID`, `PERMITIR`, `MODULO_ID`, `PERMISSAO_ID`) VALUES (374, b'1', 8, 2);
INSERT INTO `USUARIO_MODULO` (`ID`, `PERMITIR`, `MODULO_ID`, `PERMISSAO_ID`) VALUES (375, b'0', 9, 2);
INSERT INTO `USUARIO_MODULO` (`ID`, `PERMITIR`, `MODULO_ID`, `PERMISSAO_ID`) VALUES (376, b'1', 10, 2);
INSERT INTO `USUARIO_MODULO` (`ID`, `PERMITIR`, `MODULO_ID`, `PERMISSAO_ID`) VALUES (377, b'1', 11, 2);
INSERT INTO `USUARIO_MODULO` (`ID`, `PERMITIR`, `MODULO_ID`, `PERMISSAO_ID`) VALUES (378, b'1', 12, 2);
INSERT INTO `USUARIO_MODULO` (`ID`, `PERMITIR`, `MODULO_ID`, `PERMISSAO_ID`) VALUES (379, b'1', 13, 2);
INSERT INTO `USUARIO_MODULO` (`ID`, `PERMITIR`, `MODULO_ID`, `PERMISSAO_ID`) VALUES (380, b'0', 14, 2);
INSERT INTO `USUARIO_MODULO` (`ID`, `PERMITIR`, `MODULO_ID`, `PERMISSAO_ID`) VALUES (381, b'1', 15, 2);
INSERT INTO `USUARIO_MODULO` (`ID`, `PERMITIR`, `MODULO_ID`, `PERMISSAO_ID`) VALUES (382, b'0', 16, 2);
INSERT INTO `USUARIO_MODULO` (`ID`, `PERMITIR`, `MODULO_ID`, `PERMISSAO_ID`) VALUES (383, b'1', 17, 2);
INSERT INTO `USUARIO_MODULO` (`ID`, `PERMITIR`, `MODULO_ID`, `PERMISSAO_ID`) VALUES (384, b'1', 18, 2);